timestamp,accX,accY,accZ,gyroX,gyroY,gyroZ,rotX,rotY,rotZ,magX,magY,magZ
1763129296418,-5.5310097,5.3216376,2.5555346,-0.18219042,-0.16798781,0.047494736,0.3703687,-0.119943134,-0.75335234,13.387501,-20.19375,-27.487501
1763129296423,-5.5310097,5.3216376,2.5555346,-0.62827444,-0.9445497,0.025503604,0.3703687,-0.119943134,-0.75335234,13.387501,-20.19375,-27.487501
1763129296424,-3.6179478,6.15434,5.2534423,-0.62827444,-0.9445497,0.025503604,0.3703687,-0.119943134,-0.75335234,13.387501,-20.19375,-27.487501
1763129296424,-3.6179478,6.15434,5.2534423,-0.62827444,-0.9445497,0.025503604,0.36062038,-0.11919081,-0.7557632,13.387501,-20.19375,-27.487501
1763129296437,-3.6179478,6.15434,5.2534423,-0.62827444,-0.9445497,0.025503604,0.36062038,-0.11919081,-0.7557632,10.6125,-21.46875,-24.937502
1763129296443,-3.6179478,6.15434,5.2534423,-0.67760175,-1.0163263,-0.27336198,0.36062038,-0.11919081,-0.7557632,10.6125,-21.46875,-24.937502
1763129296444,-3.6179478,6.15434,5.2534423,-0.67760175,-1.0163263,-0.27336198,0.34957626,-0.118152104,-0.7608495,10.6125,-21.46875,-24.937502
1763129296445,-2.9557343,6.3236322,7.750951,-0.67760175,-1.0163263,-0.27336198,0.34957626,-0.118152104,-0.7608495,10.6125,-21.46875,-24.937502
1763129296458,-2.9557343,6.3236322,7.750951,-0.67760175,-1.0163263,-0.27336198,0.34957626,-0.118152104,-0.7608495,11.587501,-20.79375,-29.5125
1763129296466,-2.9557343,6.3236322,7.750951,-0.52885616,-0.7669407,-0.5039635,0.34957626,-0.118152104,-0.7608495,11.587501,-20.79375,-29.5125
1763129296467,-2.9557343,6.3236322,7.750951,-0.52885616,-0.7669407,-0.5039635,0.34098107,-0.116594985,-0.76690906,11.587501,-20.79375,-29.5125
1763129296467,-3.3816566,5.447859,8.098508,-0.52885616,-0.7669407,-0.5039635,0.34098107,-0.116594985,-0.76690906,11.587501,-20.79375,-29.5125
1763129296478,-3.3816566,5.447859,8.098508,-0.52885616,-0.7669407,-0.5039635,0.34098107,-0.116594985,-0.76690906,8.75625,-22.3875,-27.206251
1763129296485,-3.3816566,5.447859,8.098508,-0.37781987,-0.6013964,-0.45265082,0.34098107,-0.116594985,-0.76690906,8.75625,-22.3875,-27.206251
1763129296486,-3.8703907,4.854439,7.556534,-0.37781987,-0.6013964,-0.45265082,0.34098107,-0.116594985,-0.76690906,8.75625,-22.3875,-27.206251
1763129296498,-3.8703907,4.854439,7.556534,-0.37781987,-0.6013964,-0.45265082,0.334356,-0.115496434,-0.7722492,8.75625,-22.3875,-27.206251
1763129296498,-3.8703907,4.854439,7.556534,-0.37781987,-0.6013964,-0.45265082,0.334356,-0.115496434,-0.7722492,10.3125,-20.775002,-29.456251
1763129296508,-3.8703907,4.854439,7.556534,-0.32940882,-0.5450441,-0.30970845,0.334356,-0.115496434,-0.7722492,10.3125,-20.775002,-29.456251
1763129296509,-3.9637108,4.9866424,7.170093,-0.32940882,-0.5450441,-0.30970845,0.334356,-0.115496434,-0.7722492,10.3125,-20.775002,-29.456251
1763129296517,-3.9637108,4.9866424,7.170093,-0.32940882,-0.5450441,-0.30970845,0.3284134,-0.11477838,-0.7764268,10.3125,-20.775002,-29.456251
1763129296520,-3.9637108,4.9866424,7.170093,-0.32940882,-0.5450441,-0.30970845,0.3284134,-0.11477838,-0.7764268,10.05,-19.21875,-29.925001
1763129296528,-3.9637108,4.9866424,7.170093,-0.32330018,-0.59757847,-0.26190826,0.3284134,-0.11477838,-0.7764268,10.05,-19.21875,-29.925001
1763129296529,-3.751946,5.1810594,7.132406,-0.32330018,-0.59757847,-0.26190826,0.3284134,-0.11477838,-0.7764268,10.05,-19.21875,-29.925001
1763129296537,-3.751946,5.1810594,7.132406,-0.32330018,-0.59757847,-0.26190826,0.32216913,-0.1144377,-0.7801772,10.05,-19.21875,-29.925001
1763129296538,-3.751946,5.1810594,7.132406,-0.32330018,-0.59757847,-0.26190826,0.32216913,-0.1144377,-0.7801772,10.5,-18.150002,-28.125002
1763129296549,-3.751946,5.1810594,7.132406,-0.32391104,-0.6522509,-0.28878632,0.32216913,-0.1144377,-0.7801772,10.5,-18.150002,-28.125002
1763129296550,-3.6179478,5.383851,7.606185,-0.32391104,-0.6522509,-0.28878632,0.32216913,-0.1144377,-0.7801772,10.5,-18.150002,-28.125002
1763129296558,-3.6179478,5.383851,7.606185,-0.32391104,-0.6522509,-0.28878632,0.31553137,-0.11430001,-0.78406274,10.5,-18.150002,-28.125002
1763129296559,-3.6179478,5.383851,7.606185,-0.32391104,-0.6522509,-0.28878632,0.31553137,-0.11430001,-0.78406274,10.8,-19.2,-28.2
1763129296569,-3.49053,5.2947183,8.188239,-0.32391104,-0.6522509,-0.28878632,0.31553137,-0.11430001,-0.78406274,10.8,-19.2,-28.2
1763129296570,-3.49053,5.2947183,8.188239,-0.32039857,-0.56184286,-0.38545567,0.31553137,-0.11430001,-0.78406274,10.8,-19.2,-28.2
1763129296579,-3.49053,5.2947183,8.188239,-0.32039857,-0.56184286,-0.38545567,0.30970103,-0.113435544,-0.78815365,10.8,-19.2,-28.2
1763129296580,-3.49053,5.2947183,8.188239,-0.32039857,-0.56184286,-0.38545567,0.30970103,-0.113435544,-0.78815365,9.6,-18.0375,-29.175001
1763129296591,-3.49053,5.2947183,8.188239,-0.28939718,-0.42134398,-0.43676832,0.30970103,-0.113435544,-0.78815365,9.6,-18.0375,-29.175001
1763129296592,-3.7292142,4.788636,8.084151,-0.28939718,-0.42134398,-0.43676832,0.30970103,-0.113435544,-0.78815365,9.6,-18.0375,-29.175001
1763129296597,-3.7292142,4.788636,8.084151,-0.28939718,-0.42134398,-0.43676832,0.3051311,-0.11194104,-0.79211783,9.6,-18.0375,-29.175001
1763129296598,-3.7292142,4.788636,8.084151,-0.28939718,-0.42134398,-0.43676832,0.3051311,-0.11194104,-0.79211783,9.375,-18.900002,-30.075
1763129296611,-3.7292142,4.788636,8.084151,-0.2689332,-0.38621926,-0.3573559,0.3051311,-0.11194104,-0.79211783,9.375,-18.900002,-30.075
1763129296612,-4.080959,4.482355,7.9220376,-0.2689332,-0.38621926,-0.3573559,0.3051311,-0.11194104,-0.79211783,9.375,-18.900002,-30.075
1763129296617,-4.080959,4.482355,7.9220376,-0.2689332,-0.38621926,-0.3573559,0.30090728,-0.11050709,-0.7954075,9.375,-18.900002,-30.075
1763129296618,-4.080959,4.482355,7.9220376,-0.2689332,-0.38621926,-0.3573559,0.30090728,-0.11050709,-0.7954075,10.06875,-17.775002,-30.018751
1763129296633,-4.080959,4.482355,7.9220376,-0.21563527,-0.3894263,-0.24083345,0.30090728,-0.11050709,-0.7954075,10.06875,-17.775002,-30.018751
1763129296634,-3.932604,4.616353,8.279166,-0.21563527,-0.3894263,-0.24083345,0.30090728,-0.11050709,-0.7954075,10.06875,-17.775002,-30.018751
1763129296638,-3.932604,4.616353,8.279166,-0.21563527,-0.3894263,-0.24083345,0.29687607,-0.10980158,-0.79798603,10.06875,-17.775002,-30.018751
1763129296638,-3.932604,4.616353,8.279166,-0.21563527,-0.3894263,-0.24083345,0.29687607,-0.10980158,-0.79798603,7.1625004,-20.5125,-27.4125
1763129296654,-3.6311083,4.663013,8.355737,-0.21563527,-0.3894263,-0.24083345,0.29687607,-0.10980158,-0.79798603,7.1625004,-20.5125,-27.4125
1763129296655,-3.6311083,4.663013,8.355737,-0.15164718,-0.29962918,-0.22571453,0.29687607,-0.10980158,-0.79798603,7.1625004,-20.5125,-27.4125
1763129296658,-3.6311083,4.663013,8.355737,-0.15164718,-0.29962918,-0.22571453,0.29380748,-0.10939533,-0.8003951,7.1625004,-20.5125,-27.4125
1763129296659,-3.6311083,4.663013,8.355737,-0.15164718,-0.29962918,-0.22571453,0.29380748,-0.10939533,-0.8003951,5.775,-19.875,-27.093752
1763129296675,-3.6311083,4.663013,8.355737,-0.16844596,-0.14477496,-0.23350306,0.29380748,-0.10939533,-0.8003951,5.775,-19.875,-27.093752
1763129296676,-3.6209388,4.5738807,8.087741,-0.16844596,-0.14477496,-0.23350306,0.29380748,-0.10939533,-0.8003951,5.775,-19.875,-27.093752
1763129296677,-3.6209388,4.5738807,8.087741,-0.16844596,-0.14477496,-0.23350306,0.29380748,-0.10939533,-0.8003951,4.78125,-16.893751,-27.4125
1763129296678,-3.6209388,4.5738807,8.087741,-0.16844596,-0.14477496,-0.23350306,0.29189888,-0.10806222,-0.8023946,4.78125,-16.893751,-27.4125
1763129296696,-3.6209388,4.5738807,8.087741,-0.16447534,-0.1386663,-0.19960007,0.29189888,-0.10806222,-0.8023946,4.78125,-16.893751,-27.4125
1763129296697,-3.7076788,4.5355954,7.698907,-0.16447534,-0.1386663,-0.19960007,0.29189888,-0.10806222,-0.8023946,4.78125,-16.893751,-27.4125
1763129296699,-3.7076788,4.5355954,7.698907,-0.16447534,-0.1386663,-0.19960007,0.29189888,-0.10806222,-0.8023946,7.5000005,-18.525002,-28.612501
1763129296700,-3.7076788,4.5355954,7.698907,-0.16447534,-0.1386663,-0.19960007,0.29006985,-0.10679866,-0.8041026,7.5000005,-18.525002,-28.612501
1763129296718,-3.7076788,4.5355954,7.698907,-0.16447534,-0.1386663,-0.19960007,0.2875321,-0.10607157,-0.80583405,7.5000005,-18.525002,-28.612501
1763129296720,-3.7076788,4.5355954,7.698907,-0.16447534,-0.1386663,-0.19960007,0.2875321,-0.10607157,-0.80583405,8.83125,-18.712502,-29.831251
1763129296721,-3.7076788,4.5355954,7.698907,-0.15958843,-0.23548837,-0.18127412,0.2875321,-0.10607157,-0.80583405,8.83125,-18.712502,-29.831251
1763129296722,-3.5270207,4.5655055,7.422536,-0.15958843,-0.23548837,-0.18127412,0.2875321,-0.10607157,-0.80583405,8.83125,-18.712502,-29.831251
1763129296739,-3.5270207,4.5655055,7.422536,-0.18096869,-0.38591382,-0.18784092,0.2875321,-0.10607157,-0.80583405,8.83125,-18.712502,-29.831251
1763129296740,-3.5270207,4.5655055,7.422536,-0.18096869,-0.38591382,-0.18784092,0.28365543,-0.10593835,-0.8079495,8.83125,-18.712502,-29.831251
1763129296741,-3.5270207,4.5655055,7.422536,-0.18096869,-0.38591382,-0.18784092,0.28365543,-0.10593835,-0.8079495,8.212501,-17.400002,-29.60625
1763129296742,-3.2177482,4.570291,7.0983086,-0.18096869,-0.38591382,-0.18784092,0.28365543,-0.10593835,-0.8079495,8.212501,-17.400002,-29.60625
1763129296758,-3.2177482,4.570291,7.0983086,-0.18096869,-0.38591382,-0.18784092,0.28365543,-0.10593835,-0.8079495,7.8,-18.768751,-29.212502
1763129296759,-3.2177482,4.570291,7.0983086,-0.21762058,-0.6050616,-0.2489274,0.28365543,-0.10593835,-0.8079495,7.8,-18.768751,-29.212502
1763129296761,-3.2177482,4.570291,7.0983086,-0.21762058,-0.6050616,-0.2489274,0.2778145,-0.10648835,-0.8109456,7.8,-18.768751,-29.212502
1763129296762,-2.815754,4.779065,7.0863442,-0.21762058,-0.6050616,-0.2489274,0.2778145,-0.10648835,-0.8109456,7.8,-18.768751,-29.212502
1763129296778,-2.815754,4.779065,7.0863442,-0.21762058,-0.6050616,-0.2489274,0.2778145,-0.10648835,-0.8109456,6.1875005,-18.337502,-29.04375
1763129296781,-2.815754,4.779065,7.0863442,-0.23564109,-0.8289435,-0.3639227,0.2778145,-0.10648835,-0.8109456,6.1875005,-18.337502,-29.04375
1763129296782,-2.815754,4.779065,7.0863442,-0.23564109,-0.8289435,-0.3639227,0.27007765,-0.10779408,-0.8150764,6.1875005,-18.337502,-29.04375
1763129296783,-2.772085,4.6911287,6.867401,-0.23564109,-0.8289435,-0.3639227,0.27007765,-0.10779408,-0.8150764,6.1875005,-18.337502,-29.04375
1763129296800,-2.772085,4.6911287,6.867401,-0.23564109,-0.8289435,-0.3639227,0.27007765,-0.10779408,-0.8150764,6.2625003,-18.806252,-28.44375
1763129296804,-2.772085,4.6911287,6.867401,-0.33857182,-1.0659591,-0.44730574,0.27007765,-0.10779408,-0.8150764,6.2625003,-18.806252,-28.44375
1763129296805,-2.772085,4.6911287,6.867401,-0.33857182,-1.0659591,-0.44730574,0.25990808,-0.10918337,-0.82023555,6.2625003,-18.806252,-28.44375
1763129296805,-2.9126635,4.633701,6.897311,-0.33857182,-1.0659591,-0.44730574,0.25990808,-0.10918337,-0.82023555,6.2625003,-18.806252,-28.44375
1763129296820,-2.9126635,4.633701,6.897311,-0.33857182,-1.0659591,-0.44730574,0.25990808,-0.10918337,-0.82023555,5.30625,-18.393751,-29.437502
1763129296822,-2.9126635,4.633701,6.897311,-0.51908237,-1.2550217,-0.5203041,0.25990808,-0.10918337,-0.82023555,5.30625,-18.393751,-29.437502
1763129296825,-2.9126635,4.633701,6.897311,-0.51908237,-1.2550217,-0.5203041,0.24729496,-0.10973484,-0.8262515,5.30625,-18.393751,-29.437502
1763129296826,-2.804388,4.6642094,6.7537417,-0.51908237,-1.2550217,-0.5203041,0.24729496,-0.10973484,-0.8262515,5.30625,-18.393751,-29.437502
1763129296837,-2.804388,4.6642094,6.7537417,-0.51908237,-1.2550217,-0.5203041,0.24729496,-0.10973484,-0.8262515,4.65,-16.63125,-29.79375
1763129296842,-2.804388,4.6642094,6.7537417,-0.68126696,-1.6471969,-0.6334668,0.24729496,-0.10973484,-0.8262515,4.65,-16.63125,-29.79375
1763129296843,-2.7116663,4.5116673,6.495317,-0.68126696,-1.6471969,-0.6334668,0.24729496,-0.10973484,-0.8262515,4.65,-16.63125,-29.79375
1763129296846,-2.7116663,4.5116673,6.495317,-0.68126696,-1.6471969,-0.6334668,0.23059657,-0.11058394,-0.8336475,4.65,-16.63125,-29.79375
1763129296859,-2.7116663,4.5116673,6.495317,-0.68126696,-1.6471969,-0.6334668,0.23059657,-0.11058394,-0.8336475,3.5812502,-17.19375,-29.5125
1763129296866,-2.7116663,4.5116673,6.495317,-0.74540776,-2.0941973,-0.7082977,0.23059657,-0.11058394,-0.8336475,3.5812502,-17.19375,-29.5125
1763129296867,-2.7116663,4.5116673,6.495317,-0.74540776,-2.0941973,-0.7082977,0.20974438,-0.1129315,-0.8420591,3.5812502,-17.19375,-29.5125
1763129296868,-2.8408787,4.109673,7.320243,-0.74540776,-2.0941973,-0.7082977,0.20974438,-0.1129315,-0.8420591,3.5812502,-17.19375,-29.5125
1763129296877,-2.8408787,4.109673,7.320243,-0.74540776,-2.0941973,-0.7082977,0.20974438,-0.1129315,-0.8420591,1.85625,-17.587502,-28.556252
1763129296884,-2.3670998,4.260421,9.780065,-0.74540776,-2.0941973,-0.7082977,0.20974438,-0.1129315,-0.8420591,1.85625,-17.587502,-28.556252
1763129296885,-2.3670998,4.260421,9.780065,-0.74540776,-2.0941973,-0.7082977,0.19094689,-0.11826864,-0.8503965,1.85625,-17.587502,-28.556252
1763129296886,-2.3670998,4.260421,9.780065,-0.35979936,-2.080758,-0.83673203,0.19094689,-0.11826864,-0.8503965,1.85625,-17.587502,-28.556252
1763129296900,-2.3670998,4.260421,9.780065,-0.35979936,-2.080758,-0.83673203,0.19094689,-0.11826864,-0.8503965,-2.7562501,-18.31875,-28.2
1763129296908,-2.3670998,4.260421,9.780065,0.41890052,-1.9663737,-1.0749693,0.19094689,-0.11826864,-0.8503965,-2.7562501,-18.31875,-28.2
1763129296909,-1.7790636,3.7339997,9.878768,0.41890052,-1.9663737,-1.0749693,0.19094689,-0.11826864,-0.8503965,-2.7562501,-18.31875,-28.2
1763129296918,-1.7790636,3.7339997,9.878768,0.41890052,-1.9663737,-1.0749693,0.17688133,-0.12958342,-0.8588079,-2.7562501,-18.31875,-28.2
1763129296919,-1.7790636,3.7339997,9.878768,0.41890052,-1.9663737,-1.0749693,0.17688133,-0.12958342,-0.8588079,-2.7562501,-18.31875,-28.2
1763129296927,-1.7790636,3.7339997,9.878768,0.20448698,-2.5014913,-0.8947642,0.17688133,-0.12958342,-0.8588079,-2.7562501,-18.31875,-28.2
1763129296928,-2.0021944,3.245864,9.287741,0.20448698,-2.5014913,-0.8947642,0.17688133,-0.12958342,-0.8588079,-2.7562501,-18.31875,-28.2
1763129296938,-2.0021944,3.245864,9.287741,0.20448698,-2.5014913,-0.8947642,0.15644315,-0.14176226,-0.8673181,-2.7562501,-18.31875,-28.2
1763129296939,-2.0021944,3.245864,9.287741,0.20448698,-2.5014913,-0.8947642,0.15644315,-0.14176226,-0.8673181,-2.7375002,-18.6375,-27.056252
1763129296949,-2.0021944,3.245864,9.287741,-0.26328272,-1.8762711,-0.56627166,0.15644315,-0.14176226,-0.8673181,-2.7375002,-18.6375,-27.056252
1763129296950,-1.463211,3.2650065,10.100702,-0.26328272,-1.8762711,-0.56627166,0.15644315,-0.14176226,-0.8673181,-2.7375002,-18.6375,-27.056252
1763129296957,-1.463211,3.2650065,10.100702,-0.26328272,-1.8762711,-0.56627166,0.1390725,-0.14703614,-0.8733054,-2.7375002,-18.6375,-27.056252
1763129296958,-1.463211,3.2650065,10.100702,-0.26328272,-1.8762711,-0.56627166,0.1390725,-0.14703614,-0.8733054,-6.2250004,-20.56875,-28.031252
1763129296968,-1.463211,3.2650065,10.100702,-0.5667298,-1.312443,-0.31291547,0.1390725,-0.14703614,-0.8733054,-6.2250004,-20.56875,-28.031252
1763129296969,-1.3627125,3.1842487,10.066007,-0.5667298,-1.312443,-0.31291547,0.1390725,-0.14703614,-0.8733054,-6.2250004,-20.56875,-28.031252
1763129296978,-1.3627125,3.1842487,10.066007,-0.5667298,-1.312443,-0.31291547,0.12486857,-0.14728454,-0.87761396,-6.2250004,-20.56875,-28.031252
1763129296979,-1.3627125,3.1842487,10.066007,-0.5667298,-1.312443,-0.31291547,0.12486857,-0.14728454,-0.87761396,-8.45625,-19.63125,-26.6625
1763129296992,-1.3627125,3.1842487,10.066007,-0.7947351,-0.7299834,-0.09697478,0.12486857,-0.14728454,-0.87761396,-8.45625,-19.63125,-26.6625
1763129296993,-0.9936196,3.6293137,10.975279,-0.7947351,-0.7299834,-0.09697478,0.12486857,-0.14728454,-0.87761396,-8.45625,-19.63125,-26.6625
1763129296998,-0.9936196,3.6293137,10.975279,-0.7947351,-0.7299834,-0.09697478,0.11466787,-0.14300784,-0.88028765,-8.45625,-19.63125,-26.6625
1763129296999,-0.9936196,3.6293137,10.975279,-0.7947351,-0.7299834,-0.09697478,0.11466787,-0.14300784,-0.88028765,-7.14375,-18.35625,-25.706251
1763129297011,-0.9936196,3.6293137,10.975279,-0.8037453,-0.25747952,0.03848448,0.11466787,-0.14300784,-0.88028765,-7.14375,-18.35625,-25.706251
1763129297012,-0.52522457,3.4995031,10.747363,-0.8037453,-0.25747952,0.03848448,0.11466787,-0.14300784,-0.88028765,-7.14375,-18.35625,-25.706251
1763129297018,-0.52522457,3.4995031,10.747363,-0.8037453,-0.25747952,0.03848448,0.11466787,-0.14300784,-0.88028765,-7.2000003,-17.75625,-28.1625
1763129297019,-0.52522457,3.4995031,10.747363,-0.8037453,-0.25747952,0.03848448,0.10852465,-0.1367338,-0.8816674,-7.2000003,-17.75625,-28.1625
1763129297033,-0.52522457,3.4995031,10.747363,-0.5358811,-0.30573782,0.03970621,0.10852465,-0.1367338,-0.8816674,-7.2000003,-17.75625,-28.1625
1763129297034,-0.18544376,3.6640096,10.408778,-0.5358811,-0.30573782,0.03970621,0.10852465,-0.1367338,-0.8816674,-7.2000003,-17.75625,-28.1625
1763129297037,-0.18544376,3.6640096,10.408778,-0.5358811,-0.30573782,0.03970621,0.10852465,-0.1367338,-0.8816674,-7.8,-15.937501,-25.63125
1763129297038,-0.18544376,3.6640096,10.408778,-0.5358811,-0.30573782,0.03970621,0.103060745,-0.13323292,-0.8827151,-7.8,-15.937501,-25.63125
1763129297053,-0.18544376,3.6640096,10.408778,-0.18264857,-0.4790707,-0.14462224,0.103060745,-0.13323292,-0.8827151,-7.8,-15.937501,-25.63125
1763129297054,-0.19441684,3.6167514,9.855438,-0.18264857,-0.4790707,-0.14462224,0.103060745,-0.13323292,-0.8827151,-7.8,-15.937501,-25.63125
1763129297058,-0.19441684,3.6167514,9.855438,-0.18264857,-0.4790707,-0.14462224,0.09787223,-0.13368249,-0.8842045,-7.8,-15.937501,-25.63125
1763129297059,-0.19441684,3.6167514,9.855438,-0.18264857,-0.4790707,-0.14462224,0.09787223,-0.13368249,-0.8842045,-9.806251,-18.337502,-26.643751
1763129297074,-0.19441684,3.6167514,9.855438,0.05070178,-0.53863,-0.24724752,0.09787223,-0.13368249,-0.8842045,-9.806251,-18.337502,-26.643751
1763129297074,-0.3684947,3.3320055,9.325428,0.05070178,-0.53863,-0.24724752,0.09787223,-0.13368249,-0.8842045,-9.806251,-18.337502,-26.643751
1763129297078,-0.3684947,3.3320055,9.325428,0.05070178,-0.53863,-0.24724752,0.09340982,-0.13645454,-0.88578486,-9.806251,-18.337502,-26.643751
1763129297079,-0.3684947,3.3320055,9.325428,0.05070178,-0.53863,-0.24724752,0.09340982,-0.13645454,-0.88578486,-9.46875,-17.306252,-26.681252
1763129297095,-0.3684947,3.3320055,9.325428,0.17455462,-0.64247704,-0.22693627,0.09340982,-0.13645454,-0.88578486,-9.46875,-17.306252,-26.681252
1763129297096,-0.2739782,2.9545379,8.949157,0.17455462,-0.64247704,-0.22693627,0.09340982,-0.13645454,-0.88578486,-9.46875,-17.306252,-26.681252
1763129297099,-0.2739782,2.9545379,8.949157,0.17455462,-0.64247704,-0.22693627,0.088580504,-0.14079045,-0.88712895,-9.46875,-17.306252,-26.681252
1763129297100,-0.2739782,2.9545379,8.949157,0.17455462,-0.64247704,-0.22693627,0.088580504,-0.14079045,-0.88712895,-10.6125,-18.337502,-23.7
1763129297116,-0.2739782,2.9545379,8.949157,0.13912445,-0.7002038,-0.15897755,0.088580504,-0.14079045,-0.88712895,-10.6125,-18.337502,-23.7
1763129297118,-0.31286156,2.774478,9.120243,0.13912445,-0.7002038,-0.15897755,0.088580504,-0.14079045,-0.88712895,-10.6125,-18.337502,-23.7
1763129297119,-0.31286156,2.774478,9.120243,0.13912445,-0.7002038,-0.15897755,0.08290546,-0.14506379,-0.88831025,-10.6125,-18.337502,-23.7
1763129297121,-0.31286156,2.774478,9.120243,0.13912445,-0.7002038,-0.15897755,0.08290546,-0.14506379,-0.88831025,-9.975,-18.206251,-25.81875
1763129297138,-0.40079778,2.5136602,9.438489,0.13912445,-0.7002038,-0.15897755,0.08290546,-0.14506379,-0.88831025,-9.975,-18.206251,-25.81875
1763129297139,-0.40079778,2.5136602,9.438489,0.13912445,-0.7002038,-0.15897755,0.078672975,-0.14695583,-0.88915706,-9.975,-18.206251,-25.81875
1763129297142,-0.40079778,2.5136602,9.438489,-0.0025961753,-0.46242464,-0.07880156,0.078672975,-0.14695583,-0.88915706,-9.975,-18.206251,-25.81875
1763129297143,-0.40079778,2.5136602,9.438489,-0.0025961753,-0.46242464,-0.07880156,0.078672975,-0.14695583,-0.88915706,-8.15625,-17.625,-25.593752
1763129297158,-0.40079778,2.5136602,9.438489,-0.1847866,-0.03329213,0.021532983,0.078672975,-0.14695583,-0.88915706,-8.15625,-17.625,-25.593752
1763129297160,-0.40079778,2.5136602,9.438489,-0.1847866,-0.03329213,0.021532983,0.077433124,-0.14524113,-0.8895615,-8.15625,-17.625,-25.593752
1763129297161,-0.40079778,2.5136602,9.438489,-0.1847866,-0.03329213,0.021532983,0.077433124,-0.14524113,-0.8895615,-9.5625,-18.28125,-26.1375
1763129297162,-0.3385844,2.2648067,9.199206,-0.1847866,-0.03329213,0.021532983,0.077433124,-0.14524113,-0.8895615,-9.5625,-18.28125,-26.1375
1763129297178,-0.3385844,2.2648067,9.199206,-0.1847866,-0.03329213,0.021532983,0.077433124,-0.14524113,-0.8895615,-9.65625,-19.275002,-26.212502
1763129297179,-0.3385844,2.2648067,9.199206,-0.28603745,0.091324285,0.07391464,0.077433124,-0.14524113,-0.8895615,-9.65625,-19.275002,-26.212502
1763129297180,-0.3385844,2.2648067,9.199206,-0.28603745,0.091324285,0.07391464,0.07678119,-0.14206046,-0.889832,-9.65625,-19.275002,-26.212502
1763129297181,-0.38165522,2.5154548,9.325428,-0.28603745,0.091324285,0.07391464,0.07678119,-0.14206046,-0.889832,-9.65625,-19.275002,-26.212502
1763129297198,-0.38165522,2.5154548,9.325428,-0.28603745,0.091324285,0.07391464,0.07678119,-0.14206046,-0.889832,-9.975,-18.206251,-26.118752
1763129297199,-0.38165522,2.5154548,9.325428,-0.28603745,0.091324285,0.07391464,0.07734228,-0.1387445,-0.88956285,-9.975,-18.206251,-26.118752
1763129297200,-0.38165522,2.5154548,9.325428,-0.2535089,0.20952661,0.1386663,0.07734228,-0.1387445,-0.88956285,-9.975,-18.206251,-26.118752
1763129297202,-0.69272214,2.3892334,9.869795,-0.2535089,0.20952661,0.1386663,0.07734228,-0.1387445,-0.88956285,-9.975,-18.206251,-26.118752
1763129297218,-0.69272214,2.3892334,9.869795,-0.2535089,0.20952661,0.1386663,0.07734228,-0.1387445,-0.88956285,-9.450001,-17.60625,-24.91875
1763129297221,-0.69272214,2.3892334,9.869795,-0.03451386,0.262061,0.21456626,0.07734228,-0.1387445,-0.88956285,-9.450001,-17.60625,-24.91875
1763129297221,-0.72263247,2.6243281,9.820144,-0.03451386,0.262061,0.21456626,0.07734228,-0.1387445,-0.88956285,-9.450001,-17.60625,-24.91875
1763129297223,-0.72263247,2.6243281,9.820144,-0.03451386,0.262061,0.21456626,0.079287834,-0.13720906,-0.8886208,-9.450001,-17.60625,-24.91875
1763129297238,-0.72263247,2.6243281,9.820144,-0.03451386,0.262061,0.21456626,0.079287834,-0.13720906,-0.8886208,-9.88125,-18.825,-25.48125
1763129297242,-0.72263247,2.6243281,9.820144,0.25427246,0.33750278,0.19318599,0.079287834,-0.13720906,-0.8886208,-9.88125,-18.825,-25.48125
1763129297243,-0.72263247,2.6243281,9.820144,0.25427246,0.33750278,0.19318599,0.083303705,-0.13804258,-0.8872208,-9.88125,-18.825,-25.48125
1763129297245,-0.44506502,2.9940193,9.457631,0.25427246,0.33750278,0.19318599,0.083303705,-0.13804258,-0.8872208,-9.88125,-18.825,-25.48125
1763129297259,-0.44506502,2.9940193,9.457631,0.25427246,0.33750278,0.19318599,0.083303705,-0.13804258,-0.8872208,-10.81875,-18.5625,-25.06875
1763129297263,-0.44506502,2.9940193,9.457631,0.25427246,0.33750278,0.19318599,0.08778072,-0.140435,-0.8858643,-10.81875,-18.5625,-25.06875
1763129297264,-0.44506502,2.9940193,9.457631,0.40118545,0.30680683,0.123547405,0.08778072,-0.140435,-0.8858643,-10.81875,-18.5625,-25.06875
1763129297265,-0.32063824,3.260819,8.994022,0.40118545,0.30680683,0.123547405,0.08778072,-0.140435,-0.8858643,-10.81875,-18.5625,-25.06875
1763129297277,-0.32063824,3.260819,8.994022,0.40118545,0.30680683,0.123547405,0.08778072,-0.140435,-0.8858643,-10.06875,-19.2,-26.04375
1763129297283,-0.39900318,3.345166,8.79482,0.40118545,0.30680683,0.123547405,0.08778072,-0.140435,-0.8858643,-10.06875,-19.2,-26.04375
1763129297284,-0.39900318,3.345166,8.79482,0.31627524,0.20708317,0.12232567,0.08778072,-0.140435,-0.8858643,-10.06875,-19.2,-26.04375
1763129297285,-0.39900318,3.345166,8.79482,0.31627524,0.20708317,0.12232567,0.0909749,-0.1425663,-0.8846154,-10.06875,-19.2,-26.04375
1763129297298,-0.39900318,3.345166,8.79482,0.31627524,0.20708317,0.12232567,0.0909749,-0.1425663,-0.8846154,-9.31875,-18.225,-26.081251
1763129297305,-0.39900318,3.345166,8.79482,0.19226968,0.12599087,0.15409064,0.0909749,-0.1425663,-0.8846154,-9.31875,-18.225,-26.081251
1763129297306,-0.39900318,3.345166,8.79482,0.19226968,0.12599087,0.15409064,0.092847146,-0.14394745,-0.8834144,-9.31875,-18.225,-26.081251
1763129297309,-0.47976094,3.3894334,8.819944,0.19226968,0.12599087,0.15409064,0.092847146,-0.14394745,-0.8834144,-9.31875,-18.225,-26.081251
1763129297318,-0.47976094,3.3894334,8.819944,0.19226968,0.12599087,0.15409064,0.092847146,-0.14394745,-0.8834144,-9.46875,-18.900002,-25.800001
1763129297325,-0.31286156,3.5012977,9.102298,0.19226968,0.12599087,0.15409064,0.092847146,-0.14394745,-0.8834144,-9.46875,-18.900002,-25.800001
1763129297326,-0.31286156,3.5012977,9.102298,0.109344795,0.12568542,0.171653,0.092847146,-0.14394745,-0.8834144,-9.46875,-18.900002,-25.800001
1763129297339,-0.31286156,3.5012977,9.102298,0.109344795,0.12568542,0.171653,0.09433386,-0.14456683,-0.8822307,-9.46875,-18.900002,-25.800001
1763129297340,-0.31286156,3.5012977,9.102298,0.109344795,0.12568542,0.171653,0.09433386,-0.14456683,-0.8822307,-8.38125,-18.6375,-25.237501
1763129297348,-0.31286156,3.5012977,9.102298,0.049327333,0.18341215,0.15210533,0.09433386,-0.14456683,-0.8822307,-8.38125,-18.6375,-25.237501
1763129297349,-0.11485548,3.667599,9.11785,0.049327333,0.18341215,0.15210533,0.09433386,-0.14456683,-0.8822307,-8.38125,-18.6375,-25.237501
1763129297357,-0.11485548,3.667599,9.11785,0.049327333,0.18341215,0.15210533,0.09604357,-0.14437754,-0.8812156,-8.38125,-18.6375,-25.237501
1763129297358,-0.11485548,3.667599,9.11785,0.049327333,0.18341215,0.15210533,0.09604357,-0.14437754,-0.8812156,-8.56875,-19.0125,-25.2
1763129297367,-0.11485548,3.667599,9.11785,0.03161225,0.16798781,0.07971785,0.09604357,-0.14437754,-0.8812156,-8.56875,-19.0125,-25.2
1763129297368,-0.212363,3.674179,8.937791,0.03161225,0.16798781,0.07971785,0.09604357,-0.14437754,-0.8812156,-8.56875,-19.0125,-25.2
1763129297377,-0.212363,3.674179,8.937791,0.03161225,0.16798781,0.07971785,0.09760159,-0.14408231,-0.88057065,-8.56875,-19.0125,-25.2
1763129297378,-0.212363,3.674179,8.937791,0.03161225,0.16798781,0.07971785,0.09760159,-0.14408231,-0.88057065,-9.69375,-19.9125,-25.743752
1763129297391,-0.212363,3.674179,8.937791,0.07910699,0.08460477,0.020922119,0.09760159,-0.14408231,-0.88057065,-9.69375,-19.9125,-25.743752
1763129297392,-0.31465617,3.5539398,9.075378,0.07910699,0.08460477,0.020922119,0.09760159,-0.14408231,-0.88057065,-9.69375,-19.9125,-25.743752
1763129297400,-0.31465617,3.5539398,9.075378,0.07910699,0.08460477,0.020922119,0.09760159,-0.14408231,-0.88057065,-7.74375,-18.50625,-26.456251
1763129297401,-0.31465617,3.5539398,9.075378,0.07910699,0.08460477,0.020922119,0.09873765,-0.14454095,-0.8801669,-7.74375,-18.50625,-26.456251
1763129297410,-0.4959125,3.4205399,9.232706,0.07910699,0.08460477,0.020922119,0.09873765,-0.14454095,-0.8801669,-7.74375,-18.50625,-26.456251
1763129297411,-0.4959125,3.4205399,9.232706,0.14874557,0.08002329,0.0030543238,0.09873765,-0.14454095,-0.8801669,-7.74375,-18.50625,-26.456251
1763129297419,-0.4959125,3.4205399,9.232706,0.14874557,0.08002329,0.0030543238,0.10015237,-0.14560921,-0.8798267,-7.74375,-18.50625,-26.456251
1763129297420,-0.4959125,3.4205399,9.232706,0.14874557,0.08002329,0.0030543238,0.10015237,-0.14560921,-0.8798267,-8.15625,-18.28125,-27.075
1763129297431,-0.4959125,3.4205399,9.232706,0.18738277,0.09224058,0.018631376,0.10015237,-0.14560921,-0.8798267,-8.15625,-18.28125,-27.075
1763129297432,-0.4989035,3.429513,9.040084,0.18738277,0.09224058,0.018631376,0.10015237,-0.14560921,-0.8798267,-8.15625,-18.28125,-27.075
1763129297437,-0.4989035,3.429513,9.040084,0.18738277,0.09224058,0.018631376,0.1018381,-0.14693083,-0.8793713,-8.15625,-18.28125,-27.075
1763129297439,-0.4989035,3.429513,9.040084,0.18738277,0.09224058,0.018631376,0.1018381,-0.14693083,-0.8793713,-8.793751,-18.4125,-24.975
1763129297451,-0.4989035,3.429513,9.040084,0.17883067,0.0754418,0.0059559317,0.1018381,-0.14693083,-0.8793713,-8.793751,-18.4125,-24.975
1763129297452,-0.5300102,3.4995031,8.813364,0.17883067,0.0754418,0.0059559317,0.1018381,-0.14693083,-0.8793713,-8.793751,-18.4125,-24.975
1763129297457,-0.5300102,3.4995031,8.813364,0.17883067,0.0754418,0.0059559317,0.10333631,-0.14825691,-0.87904567,-8.793751,-18.4125,-24.975
1763129297458,-0.5300102,3.4995031,8.813364,0.17883067,0.0754418,0.0059559317,0.10333631,-0.14825691,-0.87904567,-9.01875,-18.487501,-26.831251
1763129297475,-0.5300102,3.4995031,8.813364,0.123852834,0.04978548,-0.016035201,0.10333631,-0.14825691,-0.87904567,-9.01875,-18.487501,-26.831251
1763129297476,-0.54257256,3.4426737,8.665607,0.123852834,0.04978548,-0.016035201,0.10333631,-0.14825691,-0.87904567,-9.01875,-18.487501,-26.831251
1763129297478,-0.54257256,3.4426737,8.665607,0.123852834,0.04978548,-0.016035201,0.10333631,-0.14825691,-0.87904567,-8.55,-19.0125,-26.550001
1763129297479,-0.54257256,3.4426737,8.665607,0.123852834,0.04978548,-0.016035201,0.10442478,-0.14917491,-0.8788471,-8.55,-19.0125,-26.550001
1763129297494,-0.54257256,3.4426737,8.665607,0.04382955,0.029626941,-0.0067195124,0.10442478,-0.14917491,-0.8788471,-8.55,-19.0125,-26.550001
1763129297495,-0.6299106,3.3278182,8.706285,0.04382955,0.029626941,-0.0067195124,0.10442478,-0.14917491,-0.8788471,-8.55,-19.0125,-26.550001
1763129297499,-0.6299106,3.3278182,8.706285,0.04382955,0.029626941,-0.0067195124,0.104928225,-0.1494673,-0.87880486,-8.55,-19.0125,-26.550001
1763129297500,-0.6299106,3.3278182,8.706285,0.04382955,0.029626941,-0.0067195124,0.104928225,-0.1494673,-0.87880486,-10.275001,-21.65625,-26.962502
1763129297516,-0.68075806,3.3469608,8.732606,0.04382955,0.029626941,-0.0067195124,0.104928225,-0.1494673,-0.87880486,-10.275001,-21.65625,-26.962502
1763129297518,-0.68075806,3.3469608,8.732606,-0.029626941,0.034819294,0.03252855,0.104928225,-0.1494673,-0.87880486,-10.275001,-21.65625,-26.962502
1763129297519,-0.68075806,3.3469608,8.732606,-0.029626941,0.034819294,0.03252855,0.10509392,-0.14905685,-0.87866116,-10.275001,-21.65625,-26.962502
1763129297521,-0.68075806,3.3469608,8.732606,-0.029626941,0.034819294,0.03252855,0.10509392,-0.14905685,-0.87866116,-7.33125,-18.431252,-29.38125
1763129297536,-0.68075806,3.3469608,8.732606,-0.045509428,-0.027030766,0.0386372,0.10509392,-0.14905685,-0.87866116,-7.33125,-18.431252,-29.38125
1763129297537,-0.5521438,3.5587256,8.9826565,-0.045509428,-0.027030766,0.0386372,0.10509392,-0.14905685,-0.87866116,-7.33125,-18.431252,-29.38125
1763129297538,-0.5521438,3.5587256,8.9826565,-0.045509428,-0.027030766,0.0386372,0.104623176,-0.14878863,-0.87857497,-7.33125,-18.431252,-29.38125
1763129297539,-0.5521438,3.5587256,8.9826565,-0.045509428,-0.027030766,0.0386372,0.104623176,-0.14878863,-0.87857497,-8.493751,-17.868752,-26.23125
1763129297558,-0.5521438,3.5587256,8.9826565,-0.045509428,-0.027030766,0.0386372,0.10441244,-0.14887235,-0.8784969,-8.493751,-17.868752,-26.23125
1763129297559,-0.5521438,3.5587256,8.9826565,-0.006261364,-0.018173227,0.024587307,0.10441244,-0.14887235,-0.8784969,-8.493751,-17.868752,-26.23125
1763129297560,-0.5521438,3.5587256,8.9826565,-0.006261364,-0.018173227,0.024587307,0.10441244,-0.14887235,-0.8784969,-8.38125,-18.487501,-26.19375
1763129297561,-0.59641105,3.5174494,9.199206,-0.006261364,-0.018173227,0.024587307,0.10441244,-0.14887235,-0.8784969,-8.38125,-18.487501,-26.19375
1763129297579,-0.59641105,3.5174494,9.199206,0.023823727,0.018173227,0.028710645,0.10441244,-0.14887235,-0.8784969,-8.38125,-18.487501,-26.19375
1763129297580,-0.59641105,3.5174494,9.199206,0.023823727,0.018173227,0.028710645,0.10441244,-0.14887235,-0.8784969,-8.587501,-18.862501,-26.156252
1763129297581,-0.57607204,3.4474592,9.023932,0.023823727,0.018173227,0.028710645,0.10441244,-0.14887235,-0.8784969,-8.587501,-18.862501,-26.156252
1763129297598,-0.57607204,3.4474592,9.023932,0.023823727,0.018173227,0.028710645,0.10441244,-0.14887235,-0.8784969,-10.06875,-21.45,-26.062502
1763129297600,-0.57607204,3.4474592,9.023932,0.023823727,0.018173227,0.028710645,0.10484987,-0.14896943,-0.8781252,-10.06875,-21.45,-26.062502
1763129297601,-0.57607204,3.4474592,9.023932,0.023823727,0.018173227,0.028710645,0.10504365,-0.14908311,-0.8778709,-10.06875,-21.45,-26.062502
1763129297602,-0.57607204,3.4474592,9.023932,0.015577052,3.054324E-4,0.025503604,0.10504365,-0.14908311,-0.8778709,-10.06875,-21.45,-26.062502
1763129297603,-0.509073,3.577868,8.979665,0.015577052,3.054324E-4,0.025503604,0.10504365,-0.14908311,-0.8778709,-10.06875,-21.45,-26.062502
1763129297617,-0.509073,3.577868,8.979665,0.015577052,3.054324E-4,0.025503604,0.10504365,-0.14908311,-0.8778709,-6.76875,-16.66875,-26.643751
1763129297619,-0.48933223,3.5593238,9.1465645,0.015577052,3.054324E-4,0.025503604,0.10504365,-0.14908311,-0.8778709,-6.76875,-16.66875,-26.643751
1763129297620,-0.48933223,3.5593238,9.1465645,-0.01282816,0.007177661,0.016646065,0.10504365,-0.14908311,-0.8778709,-6.76875,-16.66875,-26.643751
1763129297621,-0.48933223,3.5593238,9.1465645,-0.01282816,0.007177661,0.016646065,0.10526392,-0.14909972,-0.87741417,-6.76875,-16.66875,-26.643751
1763129297637,-0.48933223,3.5593238,9.1465645,-0.01282816,0.007177661,0.016646065,0.10526392,-0.14909972,-0.87741417,-8.700001,-18.075,-26.400002
1763129297641,-0.48933223,3.5593238,9.1465645,-0.019853106,0.03161225,0.016187917,0.10526392,-0.14909972,-0.87741417,-8.700001,-18.075,-26.400002
1763129297642,-0.48933223,3.5593238,9.1465645,-0.019853106,0.03161225,0.016187917,0.10547744,-0.14891063,-0.87723315,-8.700001,-18.075,-26.400002
1763129297643,-0.5712864,3.5365918,9.129815,-0.019853106,0.03161225,0.016187917,0.10547744,-0.14891063,-0.87723315,-8.700001,-18.075,-26.400002
1763129297658,-0.5712864,3.5365918,9.129815,-0.019853106,0.03161225,0.016187917,0.10547744,-0.14891063,-0.87723315,-9.65625,-20.0625,-26.60625
1763129297662,-0.5712864,3.5365918,9.129815,-0.01725693,0.035582874,0.028863361,0.10547744,-0.14891063,-0.87723315,-9.65625,-20.0625,-26.60625
1763129297663,-0.5712864,3.5365918,9.129815,-0.01725693,0.035582874,0.028863361,0.10584651,-0.14864354,-0.87693644,-9.65625,-20.0625,-26.60625
1763129297665,-0.59940207,3.473182,9.113065,-0.01725693,0.035582874,0.028863361,0.10584651,-0.14864354,-0.87693644,-9.65625,-20.0625,-26.60625
1763129297678,-0.59940207,3.473182,9.113065,-0.01725693,0.035582874,0.028863361,0.10584651,-0.14864354,-0.87693644,-8.38125,-19.95,-27.91875
1763129297682,-0.59940207,3.473182,9.113065,-0.0027488915,0.0108428495,0.027947064,0.10584651,-0.14864354,-0.87693644,-8.38125,-19.95,-27.91875
1763129297683,-0.59940207,3.473182,9.113065,-0.0027488915,0.0108428495,0.027947064,0.10602593,-0.14854163,-0.8767593,-8.38125,-19.95,-27.91875
1763129297685,-0.4660022,3.611966,9.110074,-0.0027488915,0.0108428495,0.027947064,0.10602593,-0.14854163,-0.8767593,-8.38125,-19.95,-27.91875
1763129297699,-0.4660022,3.611966,9.110074,-0.0027488915,0.0108428495,0.027947064,0.10602593,-0.14854163,-0.8767593,-9.9375,-19.81875,-27.956251
1763129297704,-0.4660022,3.611966,9.110074,-0.0027488915,0.0108428495,0.027947064,0.10637286,-0.14875375,-0.87658614,-9.9375,-19.81875,-27.956251
1763129297705,-0.51864433,3.5784662,9.156136,-0.0027488915,0.0108428495,0.027947064,0.10637286,-0.14875375,-0.87658614,-9.9375,-19.81875,-27.956251
1763129297707,-0.51864433,3.5784662,9.156136,0.012064579,0.02535089,-0.007788526,0.10637286,-0.14875375,-0.87658614,-9.9375,-19.81875,-27.956251
1763129297717,-0.51864433,3.5784662,9.156136,0.012064579,0.02535089,-0.007788526,0.10637286,-0.14875375,-0.87658614,-7.7250004,-18.65625,-25.95
1763129297725,-0.51864433,3.5784662,9.156136,0.007941242,0.03940078,-0.00962112,0.10637286,-0.14875375,-0.87658614,-7.7250004,-18.65625,-25.95
1763129297726,-0.51864433,3.5784662,9.156136,0.007941242,0.03940078,-0.00962112,0.10684554,-0.14875369,-0.87647235,-7.7250004,-18.65625,-25.95
1763129297728,-0.5946164,3.5156546,9.010174,0.007941242,0.03940078,-0.00962112,0.10684554,-0.14875369,-0.87647235,-7.7250004,-18.65625,-25.95
1763129297738,-0.5946164,3.5156546,9.010174,0.007941242,0.03940078,-0.00962112,0.10684554,-0.14875369,-0.87647235,-8.212501,-18.768751,-26.812502
1763129297746,-0.5946164,3.5156546,9.010174,-1.527162E-4,0.011911863,-0.0029016077,0.10684554,-0.14875369,-0.87647235,-8.212501,-18.768751,-26.812502
1763129297747,-0.6478567,3.4809587,9.0029955,-1.527162E-4,0.011911863,-0.0029016077,0.10684554,-0.14875369,-0.87647235,-8.212501,-18.768751,-26.812502
1763129297758,-0.6478567,3.4809587,9.0029955,-1.527162E-4,0.011911863,-0.0029016077,0.10716629,-0.14871179,-0.87627447,-8.212501,-18.768751,-26.812502
1763129297759,-0.6478567,3.4809587,9.0029955,-1.527162E-4,0.011911863,-0.0029016077,0.10716629,-0.14871179,-0.87627447,-8.71875,-19.6875,-25.518751
1763129297767,-0.6879365,3.379862,8.974879,-1.527162E-4,0.011911863,-0.0029016077,0.10716629,-0.14871179,-0.87627447,-8.71875,-19.6875,-25.518751
1763129297768,-0.6879365,3.379862,8.974879,-0.0074830935,0.027794348,0.008399391,0.10716629,-0.14871179,-0.87627447,-8.71875,-19.6875,-25.518751
1763129297777,-0.6879365,3.379862,8.974879,-0.0074830935,0.027794348,0.008399391,0.10766025,-0.14843515,-0.8759365,-8.71875,-19.6875,-25.518751
1763129297778,-0.6879365,3.379862,8.974879,-0.0074830935,0.027794348,0.008399391,0.10766025,-0.14843515,-0.8759365,-7.8375,-17.737501,-28.500002
1763129297788,-0.6879365,3.379862,8.974879,-0.025503604,0.0074830935,0.018936807,0.10766025,-0.14843515,-0.8759365,-7.8375,-17.737501,-28.500002
1763129297789,-0.5617151,3.5162528,8.925228,-0.025503604,0.0074830935,0.018936807,0.10766025,-0.14843515,-0.8759365,-7.8375,-17.737501,-28.500002
1763129297797,-0.5617151,3.5162528,8.925228,-0.025503604,0.0074830935,0.018936807,0.10766025,-0.14843515,-0.8759365,-9.0,-17.98125,-24.843752
1763129297799,-0.5617151,3.5162528,8.925228,-0.025503604,0.0074830935,0.018936807,0.10780674,-0.14798738,-0.87579626,-9.0,-17.98125,-24.843752
1763129297808,-0.5617151,3.5162528,8.925228,-0.049938194,-0.0010690134,-0.018173227,0.10780674,-0.14798738,-0.87579626,-9.0,-17.98125,-24.843752
1763129297812,-0.5054838,3.5766716,9.071789,-0.049938194,-0.0010690134,-0.018173227,0.10780674,-0.14798738,-0.87579626,-9.0,-17.98125,-24.843752
1763129297818,-0.5054838,3.5766716,9.071789,-0.049938194,-0.0010690134,-0.018173227,0.10777549,-0.14762598,-0.87572056,-9.0,-17.98125,-24.843752
1763129297819,-0.5054838,3.5766716,9.071789,-0.049938194,-0.0010690134,-0.018173227,0.10777549,-0.14762598,-0.87572056,-9.31875,-20.475,-27.150002
1763129297830,-0.5054838,3.5766716,9.071789,-0.0650571,0.0368046,-0.018173227,0.10777549,-0.14762598,-0.87572056,-9.31875,-20.475,-27.150002
1763129297831,-0.6586244,3.4247274,9.095717,-0.0650571,0.0368046,-0.018173227,0.10777549,-0.14762598,-0.87572056,-9.31875,-20.475,-27.150002
1763129297838,-0.6586244,3.4247274,9.095717,-0.0650571,0.0368046,-0.018173227,0.1079215,-0.14702572,-0.8756129,-9.31875,-20.475,-27.150002
1763129297839,-0.6586244,3.4247274,9.095717,-0.0650571,0.0368046,-0.018173227,0.1079215,-0.14702572,-0.8756129,-9.4125,-19.21875,-26.75625
1763129297850,-0.6586244,3.4247274,9.095717,-0.0650571,0.044134982,0.014966187,0.1079215,-0.14702572,-0.8756129,-9.4125,-19.21875,-26.75625
1763129297851,-0.7692925,3.3607194,9.094521,-0.0650571,0.044134982,0.014966187,0.1079215,-0.14702572,-0.8756129,-9.4125,-19.21875,-26.75625
1763129297858,-0.7692925,3.3607194,9.094521,-0.0650571,0.044134982,0.014966187,0.10816653,-0.14612101,-0.8754808,-9.4125,-19.21875,-26.75625
1763129297859,-0.7692925,3.3607194,9.094521,-0.0650571,0.044134982,0.014966187,0.10816653,-0.14612101,-0.8754808,-8.118751,-17.79375,-26.75625
1763129297872,-0.7692925,3.3607194,9.094521,-0.054825112,0.030695954,0.04535671,0.10816653,-0.14612101,-0.8754808,-8.118751,-17.79375,-26.75625
1763129297873,-0.6855437,3.4073794,9.124431,-0.054825112,0.030695954,0.04535671,0.10816653,-0.14612101,-0.8754808,-8.118751,-17.79375,-26.75625
1763129297878,-0.6855437,3.4073794,9.124431,-0.054825112,0.030695954,0.04535671,0.10841787,-0.14524585,-0.87520343,-8.118751,-17.79375,-26.75625
1763129297879,-0.6855437,3.4073794,9.124431,-0.054825112,0.030695954,0.04535671,0.10841787,-0.14524585,-0.87520343,-10.33125,-19.743752,-27.187502
1763129297892,-0.6855437,3.4073794,9.124431,-0.033139415,0.023060145,0.043065965,0.10841787,-0.14524585,-0.87520343,-10.33125,-19.743752,-27.187502
1763129297892,-0.5395815,3.5270207,9.232706,-0.033139415,0.023060145,0.043065965,0.10841787,-0.14524585,-0.87520343,-10.33125,-19.743752,-27.187502
1763129297899,-0.5395815,3.5270207,9.232706,-0.033139415,0.023060145,0.043065965,0.108574376,-0.1447561,-0.87495935,-10.33125,-19.743752,-27.187502
1763129297901,-0.5395815,3.5270207,9.232706,-0.033139415,0.023060145,0.043065965,0.108574376,-0.1447561,-0.87495935,-6.8625,-17.6625,-26.718752
1763129297914,-0.5395815,3.5270207,9.232706,-0.003817905,0.08567379,0.014508039,0.108574376,-0.1447561,-0.87495935,-6.8625,-17.6625,-26.718752
1763129297915,-0.55812585,3.4899318,9.372088,-0.003817905,0.08567379,0.014508039,0.108574376,-0.1447561,-0.87495935,-6.8625,-17.6625,-26.718752
1763129297919,-0.55812585,3.4899318,9.372088,-0.003817905,0.08567379,0.014508039,0.108574376,-0.1447561,-0.87495935,-8.25,-19.25625,-26.250002
1763129297920,-0.55812585,3.4899318,9.372088,-0.003817905,0.08567379,0.014508039,0.109231375,-0.14449759,-0.8748734,-8.25,-19.25625,-26.250002
1763129297934,-0.82672024,3.2338998,9.382855,-0.003817905,0.08567379,0.014508039,0.109231375,-0.14449759,-0.8748734,-8.25,-19.25625,-26.250002
1763129297935,-0.82672024,3.2338998,9.382855,0.059559315,0.25717407,0.015729768,0.109231375,-0.14449759,-0.8748734,-8.25,-19.25625,-26.250002
1763129297937,-0.82672024,3.2338998,9.382855,0.059559315,0.25717407,0.015729768,0.11157109,-0.14393744,-0.8746897,-8.25,-19.25625,-26.250002
1763129297938,-0.82672024,3.2338998,9.382855,0.059559315,0.25717407,0.015729768,0.11157109,-0.14393744,-0.8746897,-9.31875,-19.837502,-26.41875
1763129297956,-0.82672024,3.2338998,9.382855,0.2941314,0.24785839,0.012064579,0.11157109,-0.14393744,-0.8746897,-9.31875,-19.837502,-26.41875
1763129297957,-1.049851,3.278167,9.227921,0.2941314,0.24785839,0.012064579,0.11157109,-0.14393744,-0.8746897,-9.31875,-19.837502,-26.41875
1763129297959,-1.049851,3.278167,9.227921,0.2941314,0.24785839,0.012064579,0.11492862,-0.14502828,-0.8746191,-9.31875,-19.837502,-26.41875
1763129297960,-1.049851,3.278167,9.227921,0.2941314,0.24785839,0.012064579,0.11492862,-0.14502828,-0.8746191,-8.8125,-18.4125,-24.375002
1763129297978,-0.8452646,3.546163,8.752945,0.2941314,0.24785839,0.012064579,0.11492862,-0.14502828,-0.8746191,-8.8125,-18.4125,-24.375002
1763129297978,-0.8452646,3.546163,8.752945,0.2941314,0.24785839,0.012064579,0.117520906,-0.14689676,-0.8739802,-8.8125,-18.4125,-24.375002
1763129297979,-0.8452646,3.546163,8.752945,0.32177302,0.11026109,0.076358095,0.117520906,-0.14689676,-0.8739802,-8.8125,-18.4125,-24.375002
1763129297979,-0.8452646,3.546163,8.752945,0.32177302,0.11026109,0.076358095,0.117520906,-0.14689676,-0.8739802,-7.3125005,-17.118752,-27.300001
1763129297998,-0.8452646,3.546163,8.752945,0.32177302,0.11026109,0.076358095,0.11827095,-0.14741929,-0.87303674,-7.3125005,-17.118752,-27.300001
1763129298000,-0.8452646,3.546163,8.752945,0.32177302,0.11026109,0.076358095,0.11827095,-0.14741929,-0.87303674,-7.33125,-17.118752,-26.250002
1763129298001,-0.8452646,3.546163,8.752945,0.060781047,0.014966187,0.08048143,0.11827095,-0.14741929,-0.87303674,-7.33125,-17.118752,-26.250002
1763129298002,-0.7932207,3.51386,8.251649,0.060781047,0.014966187,0.08048143,0.11827095,-0.14741929,-0.87303674,-7.33125,-17.118752,-26.250002
1763129298019,-0.7932207,3.51386,8.251649,0.060781047,0.014966187,0.08048143,0.11827095,-0.14741929,-0.87303674,-8.83125,-19.575,-27.69375
1763129298020,-0.7932207,3.51386,8.251649,0.060781047,0.014966187,0.08048143,0.116659485,-0.14606728,-0.87202597,-8.83125,-19.575,-27.69375
1763129298020,-0.7932207,3.51386,8.251649,-0.23396121,-0.123547405,0.10293072,0.116659485,-0.14606728,-0.87202597,-8.83125,-19.575,-27.69375
1763129298022,-0.76271224,3.583252,8.310871,-0.23396121,-0.123547405,0.10293072,0.116659485,-0.14606728,-0.87202597,-8.83125,-19.575,-27.69375
1763129298037,-0.76271224,3.583252,8.310871,-0.23396121,-0.123547405,0.10293072,0.116659485,-0.14606728,-0.87202597,-8.00625,-18.54375,-25.143751
1763129298040,-0.506082,3.5766716,9.046664,-0.23396121,-0.123547405,0.10293072,0.116659485,-0.14606728,-0.87202597,-8.00625,-18.54375,-25.143751
1763129298041,-0.506082,3.5766716,9.046664,-0.23396121,-0.123547405,0.10293072,0.11382029,-0.14445546,-0.87117,-8.00625,-18.54375,-25.143751
1763129298042,-0.506082,3.5766716,9.046664,-0.3252855,-0.22861615,0.08078687,0.11382029,-0.14445546,-0.87117,-8.00625,-18.54375,-25.143751
1763129298058,-0.506082,3.5766716,9.046664,-0.3252855,-0.22861615,0.08078687,0.11382029,-0.14445546,-0.87117,-9.65625,-19.275002,-27.2625
